,Name,Season,Region,Games,Win rate,K:D,GPM,GDM,Game duration,Kills / game,Deaths / game,Towers killed,Towers lost,FB%,FT%,DRAPG,DRA%,VGPG,HERPG,HER%,DRA@15,TD@15,GD@15,PPG,NASHPG,NASH%,CSM,DPM,WPM,VWPM,WCPM
0,100 Thieves,S14,,26,53.8%,0.96,1842,-4,32:42,15.0,15.5,6.2,6.1,42.3,34.6,2.19,46.7,2.5,0.50,52.0,0.88,-0.2,-544,2.62,0.73,48.7,32.9,2591,3.2,1.19,1.63
1,A One Man Army,S14,BE,30,56.7%,1.08,1846,35,32:26,16.5,15.4,6.6,5.9,40.0,50.0,2.43,51.3,3.4,0.57,58.6,1.00,0.1,239,3.76,0.67,55.8,31.0,2390,2.9,0.71,1.32
2,Aegis,S14,FR,18,16.7%,0.6,1679,-240,32:51,9.2,15.3,3.4,8.4,38.9,22.2,1.72,39.0,1.7,0.39,38.9,0.61,-0.4,-1767,2.39,0.17,14.7,32.3,2196,3.6,1.14,1.49
3,Akroma,S14,FR,18,27.8%,0.63,1709,-193,30:52,10.0,15.8,4.1,7.8,55.6,22.2,1.78,38.2,2.6,0.33,33.3,0.78,-0.3,-1316,2.44,0.39,33.3,31.5,2004,3.4,1.01,1.40
4,All for One Gaming,S14,DE,18,38.9%,0.93,1838,-63,32:03,15.8,16.9,6.6,7.2,77.8,44.4,2.11,46.8,2.5,0.33,33.3,0.89,0.1,-486,4.44,0.5,43.5,31.5,2404,3.3,0.86,1.15
5,All Knights,S14,LAT,38,44.7%,0.76,1824,-86,31:10,14.1,18.5,5.8,6.6,44.7,42.1,2.5,56.1,2.3,0.34,34.2,1.21,-0.2,-856,3.00,0.5,38.4,32.5,2381,3.5,1.23,1.55
6,aNc Outplayed,S14,IT,19,63.2%,1.39,1871,101,32:22,18.8,13.5,6.8,5.6,52.6,52.6,2.68,61.3,2.5,0.74,77.8,1.06,-0.2,1166,3.50,0.84,60.2,31.9,2491,3.0,0.93,1.18
7,Ankora Gaming,S14,RS,14,28.6%,0.84,1836,-10,34:21,15.0,17.8,5.9,7.2,50.0,57.1,2.5,52.3,2.6,0.43,42.9,1.07,0.1,-260,3.43,0.93,53.8,32.5,2336,2.9,0.89,1.25
8,Anorthosis Famagusta Esports,S14,GR,28,64.3%,1.48,1953,188,31:37,18.9,12.8,7.7,4.8,50.0,67.9,2.54,56.6,2.7,0.46,46.4,0.96,0.2,1028,4.89,1.04,73.5,33.2,2655,3.4,1.08,1.51
9,Antic Esports,S14,OCE,26,57.7%,1.12,1884,37,32:12,16.7,14.9,7.4,6.0,53.8,57.7,2.31,47.5,2.6,0.54,53.8,0.77,0.1,-99,4.46,0.81,48.5,32.5,2488,3.0,0.86,1.29
10,Anubis Gaming,S14,AL,14,50.0%,0.95,1828,-32,32:40,15.5,16.2,5.7,6.8,50.0,64.3,2.0,41.0,3.2,0.57,57.1,0.79,0.2,863,3.79,0.57,40.5,31.6,2330,2.8,0.92,1.36
11,Anyone s Legend,S14,CN,44,43.2%,1.04,1794,-49,32:49,13.1,12.6,5.1,6.5,52.3,34.1,2.66,55.6,-,-,-,-,-,-,-,0.52,34.1,33.2,2369,-,-,-
12,AOE Esports,S14,,29,48.3%,0.93,1809,-2,31:35,14.4,15.4,5.5,6.1,44.8,65.5,2.52,53.6,2.8,0.38,37.9,1.10,0.1,-6,3.07,0.62,44.6,32.3,2486,3.0,0.80,1.24
13,Ascendance,S14,TR,18,38.9%,0.85,1842,-24,29:58,14.8,17.3,5.6,6.2,50.0,38.9,1.83,43.7,2.3,0.61,64.7,0.88,0.0,-13,3.65,0.67,48.0,32.2,2266,2.4,0.56,1.07
14,Atleta Esport,S14,IT,21,66.7%,1.2,1840,88,32:58,14.4,12.0,6.9,5.1,52.4,52.4,2.48,49.9,2.9,0.52,52.4,0.48,-0.2,501,3.38,0.81,53.6,33.1,2287,2.9,0.80,1.26
15,Austrian Force willhaben,S14,DE,25,60.0%,1.04,1897,93,32:58,15.8,15.1,7.2,4.9,44.0,72.0,2.52,53.8,3.3,0.76,76.0,1.08,0.1,270,4.40,0.76,52.7,33.6,2581,3.0,1.05,1.38
16,AXIZ CREST,S14,JP,20,35.0%,0.81,1752,-111,31:47,11.1,13.7,5.5,7.2,40.0,50.0,2.5,50.2,3.6,0.40,40.0,1.05,-0.4,-749,3.20,0.65,39.5,31.9,2185,3.7,1.38,1.68
17,Axolotl,S14,IT,14,21.4%,0.65,1713,-264,30:45,12.7,19.5,4.5,8.4,35.7,28.6,2.0,44.3,2.0,0.29,33.3,1.07,-0.4,-2259,3.43,0.36,34.6,29.1,1998,2.4,0.50,1.02
18,Back2TheGame,S14,PL,22,59.1%,1.07,1791,13,33:50,13.2,12.2,6.0,5.8,59.1,54.5,2.64,52.1,2.3,0.59,59.1,0.77,0.0,226,3.45,0.68,54.2,31.8,2330,2.9,0.88,1.28
19,Bar√ßa eSports,S14,ES,17,23.5%,0.83,1773,-93,33:27,14.5,17.6,5.5,7.6,58.8,41.2,2.18,44.8,3.0,0.47,47.1,0.71,-0.1,-441,3.53,0.76,51.0,30.6,2384,3.0,1.06,1.25
20,BeFive,S14,RS,32,62.5%,1.11,1860,90,33:53,16.8,15.1,7.4,5.5,56.3,50.0,2.44,49.5,4.0,0.56,56.3,0.78,0.2,102,3.56,0.97,57.6,31.5,2676,2.9,0.78,1.14
21,Berlin International Gaming,S14,DE,18,27.8%,0.81,1797,-111,31:25,13.6,16.8,4.2,7.4,66.7,27.8,2.28,50.2,1.6,0.72,72.2,0.89,-0.3,355,3.39,0.72,50.9,31.8,2253,3.3,1.19,1.31
22,Besiktas Esports,S14,TR,22,68.2%,1.09,1902,104,32:53,16.4,15.0,7.4,5.3,50.0,68.2,2.64,59.3,2.7,0.36,36.4,0.91,0.2,434,5.18,0.91,65.5,32.8,2618,3.4,1.19,1.53
23,Beyond Gaming,S14,PCS,38,52.6%,1.0,1832,25,30:42,14.1,14.0,5.8,5.0,57.9,60.5,2.37,53.2,3.6,0.55,55.3,1.13,0.2,594,4.29,0.55,50.0,33.0,2590,4.0,1.50,1.75
24,Bilibili Gaming,S14,CN,54,83.3%,1.72,1996,291,31:16,17.1,9.9,8.6,3.2,61.1,51.9,2.69,63.3,-,-,-,-,-,-,-,1.02,80.9,34.3,2605,-,-,-
25,BK ROG Esports,S14,FR,22,54.5%,1.07,1899,67,34:25,17.7,16.5,7.3,5.5,50.0,68.2,2.36,47.6,2.5,0.64,63.6,0.95,0.5,1356,4.86,0.82,50.4,32.4,2726,3.6,1.12,1.57
26,BoostGate Esports,S14,TR,32,68.8%,1.28,1898,129,31:23,16.2,12.6,7.7,4.8,46.9,71.9,2.69,59.8,3.2,0.66,65.6,1.22,0.2,1159,4.78,0.75,60.3,32.4,2560,3.2,1.04,1.44
27,BRO Challengers,S14,KR,48,45.8%,1.13,1804,-25,35:02,13.1,11.6,5.6,6.6,37.5,41.7,2.65,52.1,1.9,0.38,37.5,1.08,-0.1,-266,2.96,0.85,53.3,33.3,2139,3.9,1.57,1.77
28,BRUTE,S14,CZ,14,42.9%,1.1,1746,-43,33:48,12.9,11.7,5.5,6.7,50.0,42.9,3.0,61.2,2.9,0.79,78.6,1.21,-0.1,-189,2.86,0.79,50.0,31.2,2216,3.1,0.98,1.27
29,Burning Core Toyama,S14,JP,20,15.0%,0.5,1672,-307,29:47,8.9,17.9,3.1,8.9,30.0,15.0,1.1,23.8,2.2,0.25,25.0,0.70,-0.3,-2507,3.05,0.2,16.7,31.2,1980,3.5,1.48,1.47
30,BWE Esports,S14,PT,14,21.4%,0.63,1692,-228,32:33,12.4,19.6,3.6,7.9,42.9,28.6,2.0,41.1,1.7,0.14,14.3,0.71,-0.2,-1739,1.93,0.43,32.1,30.1,2104,2.5,0.56,1.08
31,Case Esports,S14,ES,27,63.0%,1.24,1845,73,31:13,15.3,12.3,7.2,5.1,40.7,70.4,2.7,62.3,1.6,0.37,37.0,1.04,0.1,-188,3.07,0.78,59.3,32.1,2284,3.1,1.16,1.41
32,Cerberus Esports,S14,VN,25,40.0%,0.89,1835,-50,33:21,13.1,14.8,6.4,6.6,56.0,60.0,2.12,43.5,2.8,0.72,72.0,0.92,0.1,378,4.48,0.88,52.1,33.0,2196,3.9,1.60,1.82
33,Cincinnati Fear,S14,,32,50.0%,0.94,1809,-28,31:39,14.3,15.1,5.7,6.3,56.3,50.0,2.06,44.9,2.1,0.50,51.6,0.78,-0.1,-374,3.06,0.56,40.8,32.2,2307,3.0,0.95,1.34
34,Cloud9,S14,,23,47.8%,1.1,1834,57,32:32,12.1,11.0,6.4,5.9,52.2,65.2,2.43,53.4,3.0,0.61,60.9,0.96,0.0,1024,3.48,0.78,48.9,34.2,2259,3.5,1.24,1.40
35,Comanchero Gaming,S14,TR,28,60.7%,1.22,1853,68,30:57,15.1,12.3,6.3,4.7,64.3,67.9,2.11,49.3,2.7,0.50,51.9,0.78,0.5,916,4.74,0.71,58.7,32.3,2288,3.1,1.04,1.18
36,Crvena zvezda Esports,S14,RS,14,42.9%,1.16,1789,-25,35:06,16.0,13.7,5.8,6.2,57.1,35.7,2.71,53.3,2.0,0.64,64.3,1.00,-0.3,-565,3.50,0.57,39.3,31.0,2380,2.8,0.86,1.19
37,CTBC Flying Oyster,S14,PCS,32,65.6%,1.27,1878,123,31:33,13.6,10.7,6.9,4.4,50.0,59.4,2.59,58.9,3.2,0.50,50.0,1.00,0.2,393,3.16,0.69,56.7,33.6,2396,4.0,1.37,1.70
38,Cyber Wolves,S14,RS,13,15.4%,0.54,1739,-260,30:08,12.2,22.3,4.2,8.8,46.2,46.2,1.23,28.7,4.2,0.54,53.8,0.46,0.0,-632,4.08,0.46,34.6,30.5,2415,2.7,0.55,0.91
39,Dango,S14,ES,14,50.0%,1.23,1806,49,35:21,16.4,13.2,6.7,6.3,57.1,64.3,2.07,43.4,3.0,0.50,53.8,0.79,0.4,542,3.43,0.86,55.8,31.2,2518,3.1,1.11,1.22
40,Dark Passage,S14,TR,23,56.5%,1.14,1843,38,34:04,15.4,13.5,7.1,6.0,60.9,39.1,2.43,48.8,1.5,0.48,47.8,0.96,0.0,-738,3.22,1.04,64.4,31.9,2233,3.5,1.22,1.43
41,Deep Cross Gaming,S14,PCS,42,54.8%,1.06,1897,65,30:30,17.0,16.0,6.0,5.4,38.1,47.6,2.55,61.1,2.9,0.31,31.7,1.14,0.1,408,4.79,0.57,52.6,31.9,2941,3.2,1.20,1.66
42,Detonation FocusMe,S14,JP,39,74.4%,1.41,1918,172,30:09,16.0,11.3,7.5,4.1,56.4,74.4,2.41,58.7,1.6,0.49,51.4,0.95,0.7,1395,5.77,0.79,61.4,32.7,2578,3.3,1.36,1.67
43,devils.one,S14,PL,13,38.5%,0.93,1744,-94,31:45,13.3,14.3,4.6,7.6,46.2,46.2,2.46,55.3,2.6,0.46,46.2,1.08,0.0,-298,3.00,0.31,29.2,31.3,2237,2.7,0.62,1.13
44,Diamant Esports,S14,RS,21,57.1%,1.17,1829,30,33:44,17.9,15.3,6.3,6.3,57.1,57.1,2.86,61.2,1.0,0.14,15.0,1.29,0.1,752,2.81,0.86,52.8,31.0,2514,2.7,0.87,1.20
45,Dignitas,S14,,18,38.9%,0.85,1747,-88,31:05,11.0,12.9,5.0,6.4,55.6,44.4,2.17,48.6,2.5,0.50,52.9,1.00,-0.1,-136,3.17,0.5,41.7,32.6,2322,3.2,1.02,1.65
46,Dire Wolves,S14,OCE,14,21.4%,0.69,1731,-238,30:25,12.9,18.9,4.3,8.7,14.3,21.4,1.43,32.5,1.6,0.14,14.3,0.71,-0.6,-2144,3.86,0.36,21.4,30.8,2185,3.0,0.90,1.02
47,Direct Rising eSports,S14,DE,21,33.3%,0.77,1802,-112,31:19,12.8,16.5,5.5,7.5,52.4,47.6,1.86,39.3,3.1,0.38,38.1,0.76,-0.1,-573,4.10,0.81,45.2,32.2,2293,2.9,0.80,1.17
48,Disguised,S14,,32,46.9%,0.9,1813,-50,31:41,14.1,15.6,6.0,5.9,53.1,31.3,2.09,45.3,3.2,0.44,45.2,0.84,-0.2,-856,3.84,0.78,51.1,32.2,2482,3.1,1.01,1.22
49,DK Challengers,S14,KR,59,62.7%,1.18,1859,91,33:10,14.3,12.1,6.5,5.3,42.4,49.2,2.53,51.8,2.4,0.34,34.5,0.88,0.0,-80,3.31,0.75,56.5,33.9,2313,3.3,1.27,1.77
50,DKB Diamonds,S14,DE,23,56.5%,1.16,1919,65,30:42,17.3,14.9,7.2,6.7,39.1,39.1,2.57,55.7,3.4,0.57,56.5,1.04,0.0,-601,3.65,0.91,63.8,32.4,2355,2.8,0.69,1.15
51,DMG Esports,S14,EUW,14,21.4%,0.57,1707,-335,29:34,11.2,19.5,3.2,9.1,28.6,7.1,1.43,33.0,2.4,0.36,35.7,0.86,-0.9,-2476,2.57,0.57,32.1,30.7,2056,3.0,0.76,1.08
52,Dplus KIA,S14,KR,55,47.3%,1.08,1827,23,34:36,12.1,11.2,6.3,6.3,70.9,54.5,2.27,48.4,1.9,0.45,46.3,0.73,0.1,402,3.89,0.8,52.7,33.7,2181,4.0,1.48,1.92
53,DREN Esports,S14,IT,14,14.3%,0.49,1657,-363,30:18,9.6,19.7,3.0,9.3,57.1,28.6,1.5,34.5,2.1,0.29,30.8,0.86,-0.4,-2164,2.14,0.14,11.5,30.9,1909,2.6,0.73,1.08
54,DRX,S14,KR,43,25.6%,0.61,1698,-214,32:48,8.2,13.4,4.1,7.5,41.9,32.6,1.88,38.2,2.6,0.56,55.8,0.86,-0.2,-793,2.60,0.4,28.3,33.0,2057,3.7,1.30,1.71
55,DRX Challengers,S14,KR,45,46.7%,0.94,1826,-23,32:53,13.3,14.2,6.0,6.3,26.7,46.7,1.93,42.5,2.8,0.53,53.3,0.60,0.2,-181,3.20,0.71,50.0,33.1,2408,3.7,1.39,1.82
56,Dsyre Esports,S14,IT,23,73.9%,1.53,1945,248,31:02,15.7,10.3,8.5,4.0,65.2,69.6,2.52,59.9,4.2,0.74,73.9,1.00,0.5,2014,5.17,0.83,66.7,34.0,2398,3.3,1.22,1.37
57,Dynamo Eclot,S14,CZ,14,21.4%,0.68,1713,-238,31:55,11.9,17.5,3.6,8.8,50.0,14.3,1.64,36.1,2.9,0.29,28.6,0.57,-0.6,-2307,1.86,0.29,13.1,31.3,2022,2.8,0.78,1.19
58,Dynasty,S14,BE,14,7.1%,0.49,1678,-379,31:22,11.1,22.4,3.7,9.3,50.0,28.6,1.57,34.6,2.3,0.50,50.0,0.64,-0.4,-2496,3.14,0.5,19.6,29.3,2212,2.8,0.59,1.04
59,E WIE EINFACH E-SPORTS,S14,DE,18,50.0%,0.96,1830,-68,32:49,15.2,15.8,5.9,7.1,55.6,55.6,1.67,36.0,3.2,0.39,38.9,0.78,-0.2,-1078,3.67,0.56,37.3,32.6,2297,2.9,0.83,1.16
60,ECORP,S14,ES,13,38.5%,0.99,1764,-66,33:34,13.5,13.7,5.6,7.0,38.5,53.8,2.23,42.1,2.9,0.38,45.5,0.54,0.0,564,2.46,0.85,47.4,31.8,2083,2.9,0.91,1.27
61,Edward Gaming,S14,CN,41,26.8%,0.64,1744,-181,32:55,10.8,16.7,4.6,8.0,39.0,29.3,1.76,40.1,-,-,-,-,-,-,-,0.54,29.7,32.6,2196,-,-,-
62,EGN Esports,S14,PT,27,74.1%,1.32,1997,227,29:17,19.0,14.3,8.0,4.0,51.9,63.0,2.48,61.9,3.6,0.78,77.8,1.26,0.2,1185,5.59,1.0,68.3,32.0,2646,2.9,0.78,1.16
63,Eintracht Frankfurt,S14,DE,18,33.3%,0.88,1797,-122,31:52,13.5,15.3,4.1,7.2,38.9,33.3,1.72,37.8,3.6,0.39,38.9,0.61,-0.1,-92,3.56,0.5,34.4,33.6,2277,3.2,0.86,1.38
64,Eintracht Spandau,S14,DE,35,65.7%,1.05,1886,79,34:40,16.1,15.4,7.7,5.1,60.0,65.7,2.46,48.5,2.5,0.37,37.1,0.74,0.1,116,4.66,0.94,59.6,32.5,2628,3.5,1.24,1.55
65,EKO Academy,S14,IT,14,21.4%,0.73,1741,-166,32:45,11.9,16.4,5.1,8.6,35.7,35.7,1.43,29.1,3.1,0.07,7.1,0.57,-0.3,-1615,3.07,0.79,37.5,30.7,2200,2.6,0.67,1.10
66,ENEMI3S,S14,IT,14,28.6%,0.71,1734,-199,32:19,11.1,15.8,4.9,7.9,42.9,35.7,1.93,36.9,2.4,0.36,38.5,0.86,-0.1,-738,3.86,0.64,28.6,32.0,2067,2.8,0.74,1.14
67,Entropiq,S14,CZ,32,75.0%,1.69,1942,261,30:25,15.9,9.4,8.4,3.3,59.4,78.1,2.28,56.7,3.3,0.63,62.5,0.84,0.4,2666,5.28,1.0,73.4,33.9,2479,3.1,1.08,1.23
68,EPIC-DUDES,S14,DE,18,33.3%,0.71,1813,-162,30:49,12.9,18.1,5.1,7.8,38.9,44.4,2.11,46.3,1.2,0.56,55.6,1.17,-0.3,-1453,3.11,0.67,35.3,32.5,2341,2.9,0.59,1.14
69,EQX,S14,CN,3,0.0%,0.33,1629,-584,24:12,9.0,26.3,1.3,9.3,33.3,-,0.67,27.8,-,-,-,-,-,-,-,0.0,0.0,28.8,2043,-,-,-
70,eSports Cologne GAMERS ONLY,S14,DE,18,11.1%,0.55,1697,-316,29:43,10.4,19.1,3.6,9.6,38.9,16.7,1.44,32.4,3.1,0.39,38.9,0.72,-0.6,-1358,3.67,0.28,19.4,30.7,2154,2.8,0.82,1.12
71,Esprit Shonen,S14,FR,22,50.0%,0.99,1821,-3,32:45,14.5,14.6,6.5,5.9,50.0,59.1,2.45,51.8,2.9,0.50,50.0,1.05,0.2,332,4.32,0.73,46.2,31.4,2258,2.7,0.87,1.22
72,Estral Esports,S14,LAT,37,86.5%,2.06,1984,315,30:36,17.7,8.6,8.5,3.6,48.6,59.5,2.43,58.7,2.2,0.62,62.2,0.97,0.0,1294,5.03,1.03,79.7,33.2,2589,3.5,1.41,1.52
73,eSuba,S14,CZ,14,35.7%,0.71,1754,-79,34:04,11.4,16.1,5.3,6.4,57.1,57.1,2.14,41.1,2.7,0.57,57.1,0.79,0.2,677,4.50,0.71,35.9,32.2,2261,2.9,0.81,1.20
74,Europe Saviors Club,S14,CZ,14,35.7%,0.92,1759,-138,33:27,14.1,15.1,5.1,7.6,35.7,42.9,2.14,41.2,1.9,0.21,21.4,0.86,-0.5,-2347,2.29,0.5,35.9,31.4,2242,3.1,0.76,1.18
75,FC Schalke 04 Evolution,S14,DE,22,45.5%,0.96,1808,-34,33:06,13.2,13.7,5.4,6.7,40.9,50.0,2.09,42.7,2.3,0.32,31.8,0.59,0.0,-327,2.77,1.0,58.7,33.1,2363,3.2,0.76,1.39
76,FearX,S14,KR,43,37.2%,0.86,1797,-84,33:05,11.4,13.3,5.1,6.3,60.5,37.2,2.19,47.9,1.6,0.56,55.8,1.02,-0.2,-391,2.77,0.6,45.9,34.4,2156,4.1,1.51,1.79
77,FearX Challengers,S14,KR,47,44.7%,0.87,1812,-59,31:50,14.7,16.9,5.2,6.2,55.3,53.2,2.3,53.8,2.4,0.57,57.4,1.06,0.3,-52,3.68,0.55,42.1,31.7,2684,3.5,1.34,1.65
78,Flamengo Academy,S14,BR,23,56.5%,0.96,1816,-26,35:14,15.3,15.9,6.4,7.2,43.5,30.4,3.13,60.9,1.4,0.52,52.2,1.17,-0.3,-1088,3.04,0.91,45.5,31.6,2329,3.4,1.41,1.50
79,Fluxo,S14,BR,18,38.9%,0.83,1778,-65,33:13,12.0,14.4,5.9,7.1,50.0,38.9,1.89,39.9,2.2,0.72,72.2,0.94,-0.4,-529,3.56,0.72,43.5,32.0,2130,3.5,1.39,1.56
80,Fluxo Academy,S14,BR,18,38.9%,0.85,1759,-85,33:52,13.4,15.9,5.3,7.2,61.1,27.8,2.61,55.7,2.6,0.50,52.9,1.00,-0.2,199,3.56,0.61,34.3,31.3,2252,3.1,1.06,1.43
81,FlyQuest,S14,,26,65.4%,1.08,1859,69,31:54,14.5,13.3,6.9,5.7,38.5,42.3,2.35,48.2,3.0,0.23,24.0,0.81,0.2,83,4.38,0.77,56.4,32.9,2509,3.6,1.03,1.41
82,FlyQuest Challengers,S14,,35,77.1%,1.51,1922,204,33:14,19.2,12.7,7.4,4.8,65.7,62.9,2.89,61.7,2.1,0.54,54.3,1.06,0.1,1000,3.69,0.94,71.9,32.6,2673,3.5,1.07,1.34
83,Fnatic,S14,EUW,51,56.9%,1.05,1882,47,31:58,16.5,15.8,6.5,6.0,49.0,52.9,2.53,55.4,2.1,0.35,35.3,0.90,-0.1,425,4.31,0.75,52.1,33.0,2582,3.5,1.05,1.66
84,Forsaken,S14,PL,17,41.2%,0.96,1775,-54,33:39,14.6,15.1,5.7,6.5,76.5,41.2,2.59,48.7,2.9,0.47,50.0,1.12,-0.2,194,2.65,0.71,50.0,31.3,2252,2.9,0.88,1.07
85,Fox Gaming,S14,AL,22,59.1%,1.0,1834,-14,31:32,15.0,15.0,6.1,6.1,31.8,36.4,2.18,47.1,2.2,0.64,63.6,0.73,-0.2,-854,3.18,0.86,56.8,32.1,2528,3.1,0.92,1.22
86,Frank Esports,S14,PCS,44,59.1%,1.28,1852,87,31:44,14.3,11.2,6.2,5.0,61.4,68.2,2.34,51.8,2.3,0.52,53.5,0.98,0.2,530,3.95,0.7,59.6,33.4,2513,3.5,1.27,1.90
87,Funplus Phoenix,S14,CN,48,56.3%,1.01,1863,23,31:18,13.9,13.6,6.5,5.4,50.0,47.9,2.4,54.4,-,-,-,-,-,-,-,0.69,49.7,33.1,2368,-,-,-
88,FURIA Academy,S14,BR,30,46.7%,0.88,1765,-63,33:40,13.5,15.3,5.9,6.7,46.7,40.0,2.4,48.6,1.6,0.30,30.0,1.17,-0.3,-970,3.07,0.8,45.4,31.0,2355,3.6,1.62,1.56
89,FURIA Esports,S14,BR,18,22.2%,0.71,1733,-145,33:56,11.4,16.1,4.7,8.0,55.6,50.0,2.17,42.8,1.3,0.22,23.5,1.17,0.0,-96,3.67,0.44,30.4,32.2,2030,3.9,1.57,1.88
90,FURY Global,S14,OCE,16,25.0%,0.6,1802,-201,32:02,14.1,23.5,5.8,8.1,50.0,37.5,1.31,27.7,2.8,0.56,56.3,0.31,-0.3,-1440,4.44,0.69,42.7,30.6,2339,3.1,1.07,1.17
91,FUT Esports,S14,TR,19,47.4%,0.94,1820,-24,32:25,13.9,14.8,6.1,6.6,68.4,52.6,2.58,51.6,3.0,0.47,47.4,1.00,-0.2,-310,4.11,0.58,46.3,32.5,2105,3.4,1.15,1.57
92,G2 Esports,S14,EUW,42,78.6%,1.35,1952,190,30:38,16.8,12.4,7.9,4.2,40.5,57.1,2.29,53.8,2.0,0.50,50.0,0.93,0.1,568,6.17,0.86,70.4,33.3,2434,3.6,1.15,1.56
93,Galakticos,S14,TR,14,0.0%,0.44,1607,-434,29:24,8.1,18.4,1.5,10.1,42.9,7.1,0.93,21.2,2.4,0.29,28.6,0.50,-0.6,-3064,2.57,0.07,3.6,31.3,1813,3.1,1.14,1.21
94,GAM Esports,S14,VN,40,72.5%,1.36,1930,138,34:19,17.9,13.2,7.5,5.2,50.0,65.0,2.75,55.6,3.8,0.45,45.0,0.78,0.1,347,4.65,0.93,62.9,33.1,2648,3.8,1.48,1.93
95,Gamespace Mediterranean College Esports,S14,GR,21,61.9%,1.08,1862,71,33:36,16.5,15.2,6.8,5.9,52.4,47.6,2.9,58.9,2.5,0.57,60.0,1.19,-0.1,225,3.29,0.95,61.1,31.9,2628,3.0,0.78,1.20
96,GameWard,S14,FR,18,38.9%,0.77,1779,-102,32:01,12.9,16.8,5.1,7.2,33.3,33.3,2.28,48.4,2.9,0.56,55.6,1.00,-0.1,-141,3.44,0.67,40.7,31.6,2264,3.3,1.33,1.45
97,Geekay Esports,S14,AL,32,62.5%,1.41,1929,168,32:03,17.8,12.7,7.7,4.9,53.1,59.4,2.63,59.2,3.7,0.41,41.9,0.94,0.3,1637,5.28,0.97,76.7,32.9,2517,3.4,1.30,1.48
98,Gen.G Challengers,S14,KR,42,16.7%,0.57,1732,-250,31:28,10.4,18.1,4.0,8.3,45.2,26.2,1.64,36.2,3.1,0.52,53.7,0.76,-0.5,-1897,3.26,0.45,25.8,32.6,2256,3.1,0.93,1.52
99,Gen.G eSports,S14,KR,53,81.1%,1.61,1952,234,32:23,15.0,9.3,8.2,4.1,43.4,73.6,3.02,65.7,3.5,0.47,47.2,1.11,0.2,824,4.51,0.91,70.4,34.8,2487,4.1,1.47,2.02
100,Gentle Mates,S14,FR,35,57.1%,1.22,1858,55,33:31,15.9,13.0,6.5,5.8,57.1,51.4,2.46,52.4,3.1,0.31,31.4,0.83,-0.1,277,4.14,1.09,60.3,32.4,2333,3.7,1.21,1.56
101,GIANTX,S14,EUW,27,33.3%,0.74,1737,-163,30:27,10.1,13.6,4.5,7.4,44.4,29.6,1.89,45.7,2.0,0.37,37.0,0.93,-0.3,-1196,3.00,0.52,41.7,32.4,2098,3.7,1.24,1.52
102,GIANTX Pride,S14,ES,32,56.3%,1.17,1836,62,33:01,16.1,13.8,6.5,5.7,43.8,53.1,2.63,57.8,3.0,0.69,68.8,1.22,0.0,271,3.41,0.91,57.3,31.5,2474,3.5,1.26,1.50
103,GLORE,S14,CZ,28,57.1%,0.91,1845,4,31:28,15.4,16.9,6.4,5.8,42.9,42.9,2.43,52.3,2.2,0.39,39.3,1.04,-0.3,-1060,3.82,0.75,54.3,31.9,2519,3.0,0.85,1.26
104,GnG Amazigh,S14,AL,14,35.7%,0.74,1801,-138,31:33,12.9,17.3,5.6,7.9,64.3,42.9,1.71,36.2,2.8,0.50,50.0,1.00,0.1,-528,3.07,0.57,34.5,32.9,2161,2.7,0.79,1.36
105,Ground Zero Gaming,S14,OCE,27,66.7%,1.13,1961,162,30:17,18.1,15.9,7.0,4.5,55.6,74.1,2.37,58.4,3.5,0.44,46.2,1.11,0.4,814,5.59,0.89,72.7,33.3,2852,2.8,0.93,1.50
106,GRP Esports,S14,PL,14,28.6%,0.61,1722,-179,33:13,12.5,20.4,4.9,7.6,42.9,42.9,1.79,35.8,3.4,0.43,42.9,0.64,0.0,-447,3.93,0.5,41.7,30.2,2358,2.8,0.73,1.10
107,GTZ Esports,S14,PT,32,53.1%,0.98,1832,-8,33:22,15.5,15.8,6.5,6.0,50.0,43.8,2.34,45.4,2.7,0.44,43.8,0.66,0.0,13,3.38,0.75,50.8,32.9,2261,2.8,0.99,1.29
108,Guasones,S14,ES,31,54.8%,1.04,1846,12,33:28,16.9,16.3,6.3,6.2,61.3,45.2,2.65,56.5,2.1,0.45,45.2,1.23,0.0,-448,3.19,0.84,50.5,31.8,2521,3.5,1.27,1.59
109,Hallow Crows,S14,TR,23,47.8%,0.97,1839,-18,33:22,16.6,17.0,6.2,6.8,56.5,34.8,2.48,51.7,2.9,0.43,45.5,1.05,0.0,-103,3.00,0.83,53.0,31.6,2383,2.6,0.74,1.18
110,Hanwha Life eSports,S14,KR,55,69.1%,1.48,1888,142,32:23,15.0,10.1,6.8,4.7,50.9,54.5,2.58,55.5,2.2,0.58,58.2,1.04,0.1,467,3.51,0.82,61.2,34.1,2390,3.7,1.36,1.96
111,HELL PIGS,S14,PCS,22,22.7%,0.65,1721,-272,30:44,12.5,19.4,3.2,8.0,40.9,18.2,1.45,29.7,2.0,0.27,27.3,0.68,-0.4,-1836,2.68,0.32,27.5,31.6,2223,3.5,1.17,1.47
112,Hell Zerolag Esports,S14,GR,14,28.6%,0.58,1729,-288,27:56,11.4,19.8,4.0,8.1,50.0,28.6,1.5,37.3,1.7,0.29,28.6,0.71,-0.4,-2036,2.50,0.57,42.3,30.5,2255,2.4,0.61,0.99
113,Heracles Gaming,S14,ES,20,55.0%,0.9,1787,-13,33:42,13.4,14.9,6.4,6.1,35.0,60.0,2.55,50.5,2.4,0.50,50.0,0.85,-0.1,-379,4.50,0.75,52.5,31.5,2377,2.9,1.02,1.37
114,Heretics Academy,S14,ES,26,73.1%,1.36,1919,175,32:17,17.0,12.5,7.6,4.4,42.3,61.5,2.62,59.4,3.5,0.46,46.2,0.88,0.2,1231,4.77,0.88,64.7,33.2,2493,3.1,0.96,1.64
115,HLE Challengers,S14,KR,55,56.4%,1.18,1824,37,33:27,12.7,10.7,6.0,5.5,56.4,36.4,2.71,55.7,2.3,0.56,57.4,1.18,-0.2,-71,2.67,0.87,53.1,34.0,2158,3.5,1.29,1.63
116,Hurricane of Feathers,S14,PT,17,47.1%,0.78,1794,-50,33:06,13.5,17.3,6.2,6.7,47.1,35.3,1.94,38.1,3.2,0.59,58.8,0.88,0.2,-485,4.35,0.71,52.1,31.6,2234,2.6,0.53,1.22
117,Huya BUG,S14,CN,4,25.0%,0.56,1699,-246,32:58,11.0,19.8,4.3,8.0,25.0,25.0,1.5,25.0,-,-,-,-,-,-,-,0.5,25.0,32.8,1781,-,-,-
118,Huya RST,S14,CN,3,0.0%,0.25,1580,-543,23:26,5.3,21.0,1.3,9.3,100.0,-,0.33,8.3,-,-,-,-,-,-,-,0.0,0.0,30.1,1381,-,-,-
119,Ici Japon Corp. Esport,S14,FR,32,78.1%,1.26,1966,185,31:30,19.5,15.5,8.3,4.4,50.0,62.5,2.59,61.0,2.0,0.34,35.5,1.13,0.3,343,4.66,0.88,69.8,32.3,2737,2.9,1.10,1.54
120,Immortals,S14,,14,28.6%,0.8,1740,-105,34:38,10.6,13.3,5.5,7.3,57.1,42.9,2.14,42.2,2.6,0.64,64.3,0.79,-0.1,-139,2.79,0.36,29.5,33.2,2168,3.8,1.39,1.80
121,Infinity eSports,S14,LAT,28,17.9%,0.6,1677,-246,32:23,8.8,14.7,3.9,8.5,46.4,25.0,1.54,33.3,2.2,0.43,42.9,0.50,-0.2,-445,3.04,0.46,18.5,31.9,1971,3.3,1.09,1.53
122,INTZ Academy,S14,BR,15,0.0%,0.39,1593,-436,31:06,7.3,18.9,2.3,9.8,26.7,26.7,0.67,13.9,2.1,0.33,33.3,0.40,-0.3,-2119,2.60,0.13,8.9,30.7,2000,3.0,1.16,1.18
123,INTZ e-Sports,S14,BR,18,16.7%,0.61,1662,-235,35:08,10.8,17.7,3.8,8.6,38.9,22.2,2.39,43.2,2.2,0.61,64.7,1.00,-0.3,-1150,3.56,0.56,27.9,30.1,2199,3.5,1.36,1.59
124,Invictus Gaming,S14,CN,48,50.0%,0.9,1799,-24,31:39,12.1,13.4,5.3,5.8,54.2,37.5,2.21,50.1,-,-,-,-,-,-,-,0.71,50.7,33.1,2296,-,-,-
125,ION Global Esports,S14,OCE,18,38.9%,0.95,1807,-86,29:43,13.9,14.6,5.1,6.9,66.7,38.9,2.06,50.6,3.4,0.56,55.6,0.67,-0.3,-128,4.00,0.61,41.7,32.8,2244,2.6,0.76,1.10
126,Iron Wolves,S14,PL,13,38.5%,0.78,1805,-91,34:13,14.4,18.5,5.2,6.8,38.5,38.5,2.46,46.1,2.8,0.23,23.1,1.00,0.2,17,4.00,0.92,48.6,32.8,2359,2.7,0.88,1.38
127,Isurus,S14,LAT,39,53.8%,1.06,1856,23,30:30,16.7,15.8,6.0,5.9,56.4,51.3,1.95,47.8,3.0,0.67,66.7,0.74,-0.1,-220,3.23,0.77,59.2,31.1,2552,3.2,1.10,1.48
128,IZI Dream,S14,FR,27,74.1%,1.32,1989,220,32:32,22.3,16.8,8.1,4.4,40.7,51.9,3.07,69.4,1.9,0.48,48.1,1.22,0.5,1566,5.33,0.96,66.7,32.3,3134,3.0,0.80,1.48
129,J Team,S14,PCS,29,44.8%,0.97,1787,-78,31:27,13.6,14.0,5.0,6.6,55.2,41.4,1.59,35.5,2.7,0.55,57.1,0.55,-0.2,-1217,2.79,0.62,43.8,32.0,2323,3.9,1.52,1.35
130,JD Gaming,S14,CN,65,61.5%,1.13,1876,84,33:04,13.6,12.0,6.7,5.2,43.1,44.6,2.71,57.9,-,-,-,-,-,-,-,0.86,57.0,34.2,2315,-,-,-
131,Joblife,S14,FR,25,60.0%,1.25,1942,141,31:54,22.1,17.5,7.5,4.9,64.0,76.0,2.04,49.0,3.2,0.80,83.3,0.64,0.4,1933,5.96,0.92,65.3,30.4,2960,3.7,1.43,1.12
132,KaBuM! Academy,S14,BR,22,72.7%,1.48,1894,177,31:44,16.3,10.9,7.9,4.5,77.3,86.4,2.68,59.7,2.9,0.55,54.5,1.05,0.6,1718,5.55,1.05,77.8,32.1,2357,3.7,1.40,1.60
133,KaBuM! e-Sports,S14,BR,25,44.0%,1.01,1775,-24,33:52,12.1,12.0,5.4,7.0,44.0,52.0,2.4,48.4,2.4,0.32,33.3,1.28,0.0,-740,3.20,0.64,46.0,32.6,2241,3.6,1.31,1.69
134,Kanga Esports,S14,OCE,16,43.8%,0.92,1794,-94,31:59,14.5,15.8,5.3,6.8,68.8,31.3,2.19,43.4,2.2,0.44,43.8,0.94,-0.4,-252,3.56,0.69,40.6,31.6,2279,3.0,0.85,1.25
135,Karmine Corp,S14,EUW,18,22.2%,0.74,1759,-122,32:49,11.1,15.0,3.9,7.7,55.6,44.4,2.28,46.7,2.6,0.61,61.1,0.89,-0.1,-388,3.28,0.5,32.4,33.2,2170,3.7,1.18,1.61
136,Karmine Corp Blue,S14,FR,29,65.5%,1.21,1893,114,33:10,14.9,12.3,7.1,5.3,51.7,62.1,2.72,61.0,2.8,0.55,55.2,1.03,0.1,310,3.90,0.93,64.4,33.7,2312,3.7,1.31,1.74
137,Kaufland Hangry Knights,S14,DE,28,67.9%,1.37,1949,192,29:08,16.7,12.2,8.0,4.7,64.3,75.0,2.57,65.4,2.9,0.71,71.4,1.14,0.7,2277,6.46,0.71,59.3,33.0,2623,2.9,0.72,1.07
138,KDF Challengers,S14,KR,44,50.0%,0.84,1863,12,33:07,12.7,15.1,6.9,5.3,50.0,70.5,2.23,49.8,3.0,0.52,52.3,0.95,0.0,554,5.02,0.82,48.3,34.5,2424,3.9,1.45,1.76
139,Keypulse Esports,S14,PT,13,30.8%,0.79,1739,-183,33:14,13.5,17.0,4.4,7.9,61.5,23.1,2.0,39.3,2.2,0.23,23.1,1.08,-0.5,-1240,2.08,0.38,29.2,31.5,2232,2.8,0.74,1.22
140,Kim Esports,S14,TR,21,52.4%,1.05,1820,21,31:10,14.9,14.2,6.2,5.6,52.4,42.9,2.71,61.8,2.0,0.57,60.0,1.15,-0.1,-361,3.20,0.67,52.6,31.9,2379,2.8,0.83,1.01
141,Klanik Esport,S14,FR,18,16.7%,0.61,1747,-207,30:39,10.8,17.7,4.3,8.4,55.6,27.8,1.33,29.6,2.8,0.50,50.0,0.44,-0.4,-739,3.39,0.33,22.2,32.5,2132,2.8,0.71,1.27
142,KRC Genk Esports,S14,BE,26,73.1%,1.63,1964,228,32:13,19.9,12.2,8.1,4.7,57.7,57.7,3.08,66.0,1.8,0.35,36.0,1.35,0.1,1047,3.77,1.23,84.8,32.1,2714,3.2,0.98,1.24
143,KT Challengers,S14,KR,62,64.5%,1.33,1872,100,32:11,16.6,12.4,6.8,5.0,59.7,64.5,2.81,61.2,2.5,0.65,64.5,1.21,0.2,986,4.06,0.71,56.8,32.3,2633,3.5,1.34,1.70
144,KT Rolster,S14,KR,49,57.1%,1.1,1833,17,33:56,13.9,12.5,6.0,5.7,46.9,57.1,2.55,52.0,2.1,0.57,58.3,0.94,0.0,231,3.31,0.82,50.0,33.2,2328,3.8,1.55,1.70
145,Kwangdong Freecs,S14,KR,46,39.1%,0.74,1784,-105,33:25,11.5,15.7,5.0,6.2,37.0,52.2,2.35,48.9,3.0,0.46,45.7,0.78,-0.1,-633,3.48,0.67,39.3,33.7,2271,3.6,1.35,1.78
146,Leviatan,S14,LAT,35,34.3%,0.8,1746,-133,31:43,11.3,14.1,5.1,7.2,48.6,37.1,1.86,41.0,2.6,0.51,51.4,0.89,-0.1,-1203,2.77,0.54,42.1,31.4,2126,4.0,1.44,1.58
147,LGD Gaming,S14,CN,44,45.5%,0.88,1835,-25,33:30,12.7,14.5,5.6,6.0,45.5,45.5,2.25,48.6,-,-,-,-,-,-,-,0.66,41.7,33.7,2370,-,-,-
148,Liberty,S14,BR,18,50.0%,0.76,1769,-59,32:56,11.6,15.1,5.2,6.4,22.2,22.2,1.67,32.6,2.4,0.33,35.3,0.39,-0.1,-847,3.28,1.0,51.9,32.5,2029,3.3,1.08,1.75
149,Liberty Academy,S14,BR,21,42.9%,0.82,1835,-44,29:03,14.3,17.5,5.7,6.1,47.6,52.4,1.38,36.7,1.8,0.38,40.0,0.67,0.4,66,4.33,0.62,44.7,31.3,2477,3.0,0.81,1.19
150,Lille Esport,S14,FR,18,50.0%,0.99,1835,-5,30:20,14.6,14.7,5.6,6.1,27.8,61.1,2.83,63.7,1.6,0.44,44.4,1.11,-0.2,-462,3.17,0.61,50.0,31.9,2442,2.9,0.96,1.12
151,Lionscreed,S14,EUW,23,69.6%,1.6,1937,192,31:31,17.6,11.0,7.3,4.6,73.9,47.8,2.35,56.7,2.2,0.48,47.8,0.96,0.0,1059,4.26,0.87,60.9,34.2,2478,3.0,1.08,1.33
152,LiT Esports,S14,,21,28.6%,0.63,1743,-203,30:03,12.0,19.0,4.7,7.8,19.0,28.6,1.38,30.7,3.1,0.38,38.1,0.57,-0.1,-1931,3.38,0.43,36.8,30.5,2315,2.8,0.70,1.20
153,LNG Esports,S14,CN,50,52.0%,1.15,1835,35,32:24,12.3,10.7,5.8,5.9,44.0,38.0,2.28,48.4,-,-,-,-,-,-,-,0.72,47.8,33.8,2196,-,-,-
154,Los Grandes,S14,BR,26,42.3%,1.01,1783,-76,36:08,13.9,13.7,5.7,7.2,69.2,42.3,2.46,45.4,2.5,0.42,44.0,0.77,0.0,328,3.12,0.96,44.0,32.3,2120,4.2,1.48,1.64
155,Los Grandes Academy,S14,BR,15,20.0%,0.81,1772,-126,32:32,13.0,16.0,5.0,7.9,53.3,46.7,1.47,29.7,3.4,0.53,53.3,0.40,-0.1,255,4.07,0.47,26.7,32.3,2240,3.1,1.17,1.58
156,LOUD,S14,BR,25,72.0%,1.22,1857,98,34:21,15.8,12.9,7.7,4.8,40.0,48.0,2.92,57.2,2.6,0.68,70.8,0.96,0.2,290,4.56,0.96,60.4,32.2,2441,3.7,1.36,1.68
157,LOUD Academy,S14,BR,28,64.3%,1.46,1870,142,32:32,16.8,11.4,7.1,4.9,53.6,57.1,2.82,62.4,2.7,0.71,71.4,1.25,0.0,678,4.61,1.14,65.2,31.6,2374,3.3,1.25,1.51
158,LUA Gaming,S14,ES,22,68.2%,1.1,1836,105,34:33,14.9,13.6,7.3,5.2,36.4,50.0,3.09,60.7,2.0,0.73,72.7,1.27,-0.1,-596,4.23,0.95,66.3,31.6,2532,3.0,0.96,1.28
159,Lundqvist Lightside,S14,EUW,14,42.9%,0.91,1818,-40,32:16,12.9,14.2,6.0,6.4,42.9,50.0,2.29,51.1,1.7,0.43,42.9,1.00,-0.1,60,3.21,0.57,48.7,33.1,2346,3.1,0.94,1.20
160,Lupus Esports,S14,RS,18,55.6%,0.95,1817,-5,32:46,13.6,14.3,6.2,6.3,50.0,50.0,2.72,57.4,2.1,0.56,58.8,1.44,0.0,107,4.00,0.67,48.0,32.7,2443,3.0,0.95,1.16
161,Lynch Esports,S14,TR,25,56.0%,1.05,1828,-4,32:13,17.6,16.7,6.0,6.2,36.0,32.0,2.4,51.0,2.5,0.32,33.3,1.00,-0.3,-371,2.33,0.6,41.3,31.1,2720,3.0,0.67,1.14
162,Macko Esports,S14,IT,33,69.7%,1.33,1923,185,30:25,16.2,12.2,7.6,4.5,48.5,66.7,2.85,65.7,2.2,0.52,53.1,1.38,0.4,883,5.03,0.97,73.1,32.6,2526,3.1,1.00,1.15
163,MAD Lions KOI,S14,EUW,45,48.9%,1.0,1843,6,31:37,14.3,14.3,6.4,6.2,57.8,48.9,2.0,47.5,2.9,0.58,57.8,0.73,0.2,413,4.38,0.73,52.7,32.1,2340,3.4,1.17,1.68
164,MAMMOTH,S14,OCE,12,16.7%,0.67,1702,-263,28:58,11.8,17.5,3.3,8.1,33.3,41.7,1.83,44.9,3.7,0.42,41.7,0.92,-0.3,-778,4.42,0.25,16.7,30.7,2172,3.2,1.10,1.24
165,Maryville University,S14,,37,64.9%,1.3,1913,131,30:37,16.7,12.8,6.9,5.0,56.8,56.8,2.73,61.4,2.3,0.46,45.9,1.16,0.3,1324,4.35,0.76,58.3,33.0,2646,3.0,1.03,1.37
166,MAX,S14,CN,4,25.0%,0.68,1710,-300,30:13,15.8,22.8,3.5,8.3,50.0,-,1.5,27.9,-,-,-,-,-,-,-,0.25,12.5,29.0,2716,-,-,-
167,mCon esports,S14,BE,17,52.9%,0.96,1865,50,33:07,15.5,16.1,7.1,5.9,35.3,70.6,2.65,56.9,3.8,0.35,35.3,0.94,0.4,968,3.88,0.94,59.4,32.2,2578,2.8,0.82,1.16
168,MGN Blue Esports,S14,VN,28,39.3%,0.79,1800,-158,32:11,14.3,18.0,4.9,7.5,42.9,28.6,1.86,38.8,2.3,0.61,60.7,0.57,-0.1,-1141,2.96,0.82,42.3,31.6,2509,4.0,1.61,1.85
169,MHSC Esport,S14,FR,25,48.0%,1.19,1842,35,33:09,17.1,14.3,6.1,6.4,52.0,64.0,2.32,48.3,4.1,0.72,72.0,0.76,0.0,378,4.00,0.92,56.3,31.0,2481,3.4,1.19,1.27
170,MiaoJing,S14,CN,3,33.3%,0.79,1764,-242,23:06,11.0,14.0,2.3,7.7,33.3,33.3,1.0,33.3,-,-,-,-,-,-,-,0.33,33.3,30.8,1816,-,-,-
171,Mirage Alliance,S14,,22,18.2%,0.7,1721,-237,31:39,12.6,18.0,4.3,8.7,45.5,36.4,1.77,37.7,2.0,0.64,63.6,0.91,-0.3,-785,4.00,0.36,25.8,30.8,2252,2.9,0.92,1.12
172,Misa Esports,S14,TR,18,38.9%,0.91,1824,-61,32:33,14.2,15.6,5.4,6.8,50.0,44.4,2.06,51.1,1.1,0.39,38.9,0.72,0.0,-150,3.00,0.5,35.2,32.7,2238,3.0,1.16,1.45
173,MOUZ NXT,S14,DE,18,0.0%,0.43,1661,-446,29:25,10.4,24.1,2.7,9.7,27.8,16.7,1.61,37.9,1.4,0.28,27.8,0.94,-0.6,-3277,2.17,0.22,9.3,29.8,2190,2.9,0.74,1.01
174,Movistar KOI,S14,ES,23,47.8%,0.98,1824,6,33:26,15.9,16.1,6.6,6.3,52.2,52.2,1.91,36.9,3.0,0.30,30.4,0.65,0.2,205,3.65,0.74,50.0,31.1,2468,3.1,1.02,1.40
175,Movistar R7,S14,LAT,41,70.7%,1.35,1929,194,30:14,16.2,12.0,7.7,4.1,53.7,80.5,2.76,67.0,2.8,0.51,51.2,1.00,0.4,1450,5.34,0.66,64.1,33.3,2759,3.4,1.26,1.55
176,Mubeccel Espor,S14,TR,17,35.3%,0.88,1833,-64,29:34,15.8,17.8,5.2,6.6,29.4,52.9,1.53,38.0,3.5,0.35,37.5,0.75,-0.1,-246,4.31,0.59,50.0,31.5,2490,2.5,0.91,1.12
177,Myth Esports,S14,BE,14,57.1%,1.24,1899,64,31:18,19.0,15.3,6.8,6.2,42.9,57.1,2.57,55.7,2.2,0.43,46.2,0.86,0.3,601,3.36,0.36,35.7,31.9,2628,2.5,0.48,1.17
178,NASR eSports Turkey,S14,TR,14,28.6%,0.79,1769,-104,34:35,13.3,16.8,5.4,7.5,28.6,50.0,2.21,46.9,1.8,0.43,42.9,0.93,0.2,353,3.71,0.57,35.7,32.1,2164,3.3,1.20,1.56
179,Nativz,S14,EUW,14,42.9%,0.97,1890,49,34:46,17.2,17.8,7.2,6.0,50.0,50.0,3.07,65.4,2.7,0.36,38.5,1.36,-0.1,-652,3.79,0.86,62.8,32.6,2567,3.3,1.13,1.49
180,Nigma Galaxy Male,S14,AL,28,78.6%,1.18,1978,190,30:33,18.9,15.9,7.8,4.4,53.6,60.7,2.46,57.8,2.4,0.68,67.9,1.11,0.1,498,5.43,0.61,59.7,33.3,2726,3.0,0.98,1.55
181,Ninjas in Pyjamas,S14,CN,65,55.4%,1.18,1845,40,32:20,13.8,11.7,6.3,5.7,69.2,33.8,2.4,54.7,-,-,-,-,-,-,-,0.8,57.7,33.1,2472,-,-,-
182,NNO Prime,S14,DE,28,60.7%,1.41,1899,92,33:34,17.8,12.7,7.1,5.8,64.3,46.4,3.04,59.3,3.0,0.79,78.6,1.11,0.0,697,3.54,1.36,60.1,31.9,2587,3.6,1.17,1.44
183,NONAME,S14,TR,34,70.6%,1.16,1965,184,29:32,17.9,15.4,7.7,4.1,35.3,70.6,2.32,56.1,3.6,0.53,56.3,0.78,0.5,1265,5.38,0.82,68.3,32.6,2576,2.4,0.65,1.15
184,Nongshim RedForce,S14,KR,44,31.8%,0.7,1751,-161,32:57,9.8,13.8,4.6,6.9,52.3,38.6,2.07,43.4,2.7,0.34,36.6,0.77,-0.2,-776,2.66,0.52,32.2,33.5,2134,3.8,1.53,1.81
185,Nord Esports,S14,EUW,22,50.0%,1.14,1834,-15,33:21,15.3,13.5,6.8,6.5,45.5,54.5,2.55,52.0,2.6,0.64,63.6,0.86,0.0,114,3.91,0.82,50.8,32.6,2285,3.3,1.20,1.33
186,NRG,S14,,20,40.0%,0.83,1772,-93,34:43,12.4,14.9,5.1,7.5,45.0,35.0,2.2,42.7,2.3,0.35,36.8,0.75,-0.2,-446,3.55,0.75,39.2,32.7,2313,3.5,1.14,1.64
187,NS Challengers,S14,KR,59,55.9%,0.99,1850,44,33:36,13.0,13.1,6.2,5.4,59.3,50.8,2.15,44.2,2.5,0.39,39.0,0.71,0.0,208,3.49,0.85,56.7,34.1,2325,3.6,1.40,1.82
188,Odivelas Sports Club,S14,PT,14,7.1%,0.55,1660,-289,31:51,10.8,19.6,3.6,8.8,21.4,57.1,1.5,33.3,2.9,0.57,57.1,0.71,-0.1,-1149,3.14,0.29,18.1,30.0,2170,2.8,0.92,1.13
189,OGC Sigma Esports,S14,CZ,18,50.0%,1.13,1772,-14,32:31,13.1,11.6,5.9,5.9,33.3,50.0,2.11,43.3,3.5,0.44,44.4,0.67,0.3,-48,3.28,0.67,50.0,31.1,2174,3.0,0.87,1.33
190,OK BRION,S14,KR,41,19.5%,0.62,1700,-253,32:10,9.1,14.7,3.2,8.1,39.0,19.5,1.44,30.8,2.0,0.44,45.0,0.73,-0.2,-1269,2.05,0.39,24.4,33.3,2083,3.5,1.47,1.79
191,OMG,S14,CN,44,47.7%,1.04,1822,-19,31:01,12.0,11.5,5.4,6.0,40.9,45.5,1.95,43.3,-,-,-,-,-,-,-,0.7,50.0,33.8,2266,-,-,-
192,Once Upon A Team,S14,BE,14,21.4%,0.55,1695,-308,32:55,11.1,20.4,3.5,9.0,21.4,21.4,1.5,31.4,1.7,0.43,46.2,0.85,-0.4,-2215,3.08,0.5,22.4,31.1,2098,2.6,0.89,1.15
193,One More Esports,S14,AL,14,28.6%,0.82,1842,-68,33:13,15.5,18.9,5.4,7.4,57.1,50.0,2.93,58.1,2.6,0.43,42.9,1.07,0.3,311,3.86,0.86,53.8,32.5,2502,3.0,0.90,1.28
194,Orbit Anonymo,S14,PL,22,72.7%,1.3,1969,176,31:58,19.9,15.2,8.0,4.6,54.5,45.5,2.82,58.4,2.5,0.32,33.3,1.00,0.1,670,4.36,0.73,60.3,33.2,2678,3.1,0.71,1.26
195,Oxygen Kumiho,S14,ES,14,50.0%,1.01,1845,75,34:48,15.2,15.0,7.5,5.6,50.0,42.9,3.29,65.4,2.7,0.29,30.8,1.21,0.2,1271,4.29,0.93,57.1,32.7,2715,3.0,0.94,1.30
196,paiN Academy,S14,BR,19,73.7%,1.43,1917,177,31:58,17.1,11.8,8.1,4.8,57.9,57.9,2.68,59.8,2.4,0.58,57.9,1.00,-0.1,245,3.79,1.16,84.2,32.0,2524,3.5,1.51,1.65
197,paiN Gaming,S14,BR,35,60.0%,1.13,1841,59,34:26,15.2,13.4,6.6,5.3,65.7,62.9,2.66,52.0,2.1,0.29,32.3,0.80,0.0,407,4.91,1.0,63.4,32.9,2451,4.1,1.54,1.78
198,Papara SuperMassive,S14,TR,26,61.5%,1.22,1905,116,33:45,17.2,14.1,7.5,5.6,38.5,50.0,2.23,48.7,3.0,0.77,76.9,0.73,0.0,960,4.04,0.96,60.6,32.9,2363,3.4,1.10,1.42
199,Partizan Esports,S14,RS,14,7.1%,0.45,1627,-362,28:59,8.0,17.7,2.2,9.3,14.3,7.1,0.93,22.1,1.3,0.14,14.3,0.43,-0.4,-2173,2.07,0.14,7.7,30.3,1996,2.6,0.68,0.97
200,PCIFIC Espor,S14,TR,18,33.3%,0.91,1788,-131,30:47,15.9,17.3,4.9,7.4,50.0,50.0,2.22,47.7,3.0,0.28,29.4,1.24,-0.1,-377,2.88,0.61,37.5,30.7,2418,2.6,0.76,0.89
201,Phoenix Esports,S14,TR,27,66.7%,1.46,1920,169,30:47,17.6,12.1,6.9,4.8,63.0,55.6,2.63,59.4,2.5,0.67,72.0,1.08,0.0,623,3.04,0.85,64.0,32.5,2550,3.1,0.96,1.20
202,PRINCIPALITY,S14,ES,13,15.4%,0.52,1633,-330,31:58,9.2,17.8,3.5,9.1,30.8,30.8,1.85,35.3,2.8,0.38,38.5,0.92,-0.4,-1638,2.69,0.31,19.2,29.9,2125,3.0,0.83,1.23
203,Project Conquerors,S14,FR,18,16.7%,0.58,1671,-352,30:29,11.8,20.4,2.6,8.9,38.9,16.7,1.17,26.0,1.9,0.22,22.2,0.72,-0.8,-2576,2.67,0.28,13.9,29.9,2190,2.9,0.94,1.19
204,PSG Talon,S14,PCS,39,71.8%,1.72,1947,245,30:11,16.0,9.3,7.4,3.8,53.8,64.1,2.51,64.7,2.9,0.69,69.2,1.10,-0.1,1478,3.69,0.79,72.4,33.8,2602,3.6,1.29,1.82
205,RA AD,S14,AL,14,7.1%,0.47,1626,-445,27:30,8.4,18.0,2.1,9.3,50.0,7.1,1.14,26.4,1.6,0.14,14.3,0.71,-1.1,-3697,1.57,0.07,7.7,30.1,1715,2.9,0.78,1.14
206,Rainbow Warriors,S14,VN,24,0.0%,0.53,1718,-386,30:38,11.2,20.9,2.7,9.9,45.8,20.8,1.04,20.6,2.3,0.33,33.3,0.46,-0.7,-2121,3.46,0.13,4.9,31.9,2054,3.3,1.27,1.54
207,Ramboot Club,S14,ES,18,50.0%,1.02,1850,35,32:20,14.4,14.2,6.5,6.2,55.6,55.6,1.94,40.3,3.1,0.39,38.9,0.56,0.2,582,4.44,0.72,45.4,32.5,2308,3.3,1.26,1.51
208,Rare Atom,S14,CN,49,32.7%,0.86,1756,-128,32:23,12.2,14.2,4.4,7.1,53.1,38.8,2.0,43.4,-,-,-,-,-,-,-,0.69,44.0,32.6,2139,-,-,-
209,Rebels Gaming,S14,ES,18,38.9%,0.76,1748,-143,34:08,13.9,18.2,5.2,7.4,38.9,44.4,2.22,47.0,3.0,0.50,50.0,0.94,-0.4,-1246,3.39,0.61,38.0,30.9,2348,3.4,1.10,1.40
210,RED Academy,S14,BR,21,47.6%,1.0,1820,-10,31:56,15.1,15.0,6.5,6.1,52.4,57.1,2.14,48.9,2.7,0.48,47.6,0.90,0.3,860,4.67,0.67,43.3,31.1,2602,3.3,1.37,1.38
211,RED Canids,S14,BR,31,61.3%,1.28,1831,92,35:49,15.5,12.1,7.8,5.4,51.6,74.2,3.19,61.8,2.6,0.58,58.1,1.16,0.3,879,4.23,0.9,53.1,32.0,2373,3.6,1.28,1.64
212,Rogue,S14,EUW,19,26.3%,0.73,1734,-154,32:16,9.6,13.2,4.6,7.8,42.1,31.6,1.84,38.3,2.2,0.53,52.6,0.68,-0.1,-378,3.68,0.32,26.5,32.9,2021,3.2,0.89,1.44
213,ROSSMANN Centaurs,S14,DE,27,63.0%,0.99,1935,50,31:16,17.6,17.8,7.6,6.3,44.4,51.9,1.96,44.9,2.5,0.52,51.9,0.70,0.0,265,5.11,0.74,47.5,32.1,2534,2.7,0.77,1.04
214,Royal Never Give Up,S14,CN,43,37.2%,0.8,1774,-109,33:01,11.4,14.2,5.2,6.9,51.2,37.2,2.28,49.8,-,-,-,-,-,-,-,0.53,36.3,33.1,2104,-,-,-
215,Ruddy Esports,S14,EUW,30,50.0%,0.81,1868,-9,31:51,15.1,18.7,6.2,6.1,56.7,63.3,1.77,39.2,3.6,0.40,40.0,0.43,0.3,-10,3.80,0.7,52.3,33.2,2460,2.6,0.62,1.19
216,SAW,S14,PT,22,72.7%,1.63,1926,203,31:43,16.9,10.2,7.6,4.4,68.2,68.2,3.23,71.9,3.1,0.59,59.1,1.36,-0.1,1245,3.82,0.95,73.8,33.0,2392,3.3,1.09,1.27
217,Sengoku Gaming,S14,JP,27,33.3%,0.77,1765,-142,32:28,13.1,17.0,5.7,7.3,40.7,48.1,2.15,44.2,2.6,0.56,55.6,0.81,-0.1,-388,3.67,0.56,28.7,31.3,2177,3.4,1.38,1.53
218,Shopify Rebellion,S14,,14,35.7%,0.87,1744,-116,33:23,12.9,14.7,4.7,7.1,64.3,42.9,2.29,45.3,2.6,0.36,38.5,1.00,0.1,-227,3.00,0.5,37.5,31.4,2331,3.4,1.20,1.60
219,Six Karma,S14,LAT,30,26.7%,0.75,1728,-190,30:57,12.2,16.3,4.7,7.8,50.0,43.3,1.63,37.2,2.6,0.37,36.7,0.77,0.1,-388,3.17,0.57,35.6,30.8,2144,3.6,1.40,1.48
220,SK Gaming,S14,EUW,33,42.4%,1.0,1807,-54,31:54,13.6,13.7,5.8,6.5,48.5,48.5,2.18,47.4,2.7,0.67,66.7,0.97,0.1,-5,4.03,0.82,44.3,32.1,2328,4.0,1.33,1.64
221,SK Gaming Prime,S14,DE,27,63.0%,1.34,1942,150,33:27,18.7,14.0,7.6,5.5,37.0,44.4,2.89,64.4,2.0,0.44,44.4,1.15,0.1,854,5.85,0.85,60.9,33.5,2648,3.0,0.82,1.36
222,SNOOZE Esports,S14,BE,13,30.8%,0.77,1780,-107,32:56,15.1,19.5,5.3,7.2,69.2,30.8,1.92,39.4,3.4,0.46,46.2,0.62,-0.2,-1318,3.00,0.62,45.5,31.0,2356,2.8,0.83,0.96
223,SoftBank Hawks Gaming,S14,JP,47,70.2%,1.35,1931,186,30:31,16.4,12.1,7.8,4.1,59.6,53.2,2.57,62.1,2.4,0.70,73.3,1.09,0.1,946,3.60,1.0,75.0,33.0,2735,3.5,1.24,1.61
224,Solary,S14,FR,18,44.4%,1.06,1809,8,35:09,14.8,13.8,6.3,6.6,66.7,38.9,2.33,43.9,3.1,0.50,50.0,0.50,-0.1,180,3.00,1.06,57.4,31.6,2327,3.4,1.03,1.43
225,SPIKE Syndicate,S14,RS,28,75.0%,1.55,1909,161,31:56,18.4,11.9,8.0,4.6,57.1,64.3,2.64,59.5,2.2,0.79,78.6,0.86,0.1,1175,3.93,1.04,66.0,32.0,2658,2.9,0.69,1.13
226,Spinebusters E-Sport,S14,DE,26,76.9%,1.54,1966,177,30:56,19.7,12.8,8.2,5.0,69.2,61.5,2.42,57.1,2.4,0.62,61.5,1.08,0.2,1108,5.27,1.08,69.2,32.0,2702,3.3,0.97,1.25
227,Stormbringers,S14,ES,25,56.0%,1.1,1804,28,33:24,14.8,13.4,6.4,5.8,64.0,48.0,2.32,49.2,2.6,0.48,52.2,0.96,0.0,183,2.96,0.52,47.9,31.6,2499,3.1,0.93,1.22
228,Supernova,S14,,28,60.7%,1.16,1868,81,31:43,16.5,14.1,6.9,4.8,46.4,53.6,2.68,57.8,3.6,0.54,55.6,1.07,0.1,230,5.04,0.82,63.0,32.1,2596,3.1,1.07,1.46
229,T1,S14,KR,55,72.7%,1.32,1970,232,32:10,15.3,11.4,7.7,3.8,52.7,65.5,2.75,60.6,2.9,0.47,49.1,1.16,0.3,1152,5.13,1.2,79.2,34.7,2551,3.7,1.27,1.74
230,T1 Challengers,S14,KR,47,42.6%,1.02,1801,-26,33:03,11.7,11.5,5.6,6.6,61.7,57.4,2.19,47.4,2.1,0.51,52.2,0.83,0.1,294,4.11,0.72,47.8,33.1,2056,3.6,1.22,1.79
231,Team BDS,S14,EUW,44,56.8%,1.12,1871,58,32:02,14.3,12.8,6.5,5.7,59.1,61.4,2.34,51.7,2.0,0.52,52.3,0.95,0.0,-101,4.09,0.95,59.8,33.4,2082,3.7,1.23,1.67
232,Team BDS Academy,S14,FR,25,76.0%,1.57,1938,202,33:57,16.9,10.7,8.3,4.2,64.0,72.0,3.16,66.1,2.0,0.72,72.0,1.20,0.1,1083,3.44,1.0,60.7,34.2,2616,3.5,1.17,1.72
233,Team Bliss,S14,OCE,25,72.0%,1.38,1936,170,30:07,17.2,12.5,7.2,4.6,44.0,60.0,2.68,63.9,3.5,0.64,64.0,1.28,0.5,1232,4.92,0.88,66.7,32.9,2645,3.1,0.99,1.23
234,Team du Sud,S14,FR,18,33.3%,0.73,1752,-160,34:06,12.9,17.7,4.9,7.6,38.9,38.9,2.22,41.2,3.3,0.39,38.9,0.78,-0.3,-1836,2.83,0.78,40.2,31.9,2238,3.2,1.03,1.41
235,Team ESCA Gaming,S14,PL,14,7.1%,0.52,1632,-357,30:14,9.4,18.2,2.6,9.1,42.9,14.3,1.36,29.6,2.5,0.50,50.0,0.64,-0.7,-3031,2.14,0.14,12.1,30.3,2005,2.6,0.53,1.04
236,Team Flash,S14,VN,29,41.4%,1.08,1868,30,32:44,15.5,14.4,6.4,6.1,44.8,51.7,2.83,60.7,2.9,0.41,41.4,1.14,0.1,680,4.24,0.79,55.4,33.0,2444,3.8,1.47,1.81
237,Team GO,S14,FR,21,42.9%,0.85,1805,-39,34:19,12.4,14.6,6.4,6.6,42.9,52.4,2.19,44.3,1.9,0.38,38.1,1.00,-0.1,-382,3.24,0.95,48.8,33.0,2260,3.5,1.33,1.58
238,Team Heretics,S14,EUW,31,45.2%,1.01,1784,-41,32:28,12.1,12.1,5.5,6.3,45.2,48.4,2.16,44.8,2.5,0.35,35.5,0.77,-0.1,-828,3.13,0.68,49.7,32.9,2066,3.7,1.04,1.72
239,Team Legion,S14,GR,14,28.6%,0.69,1711,-174,32:06,11.9,17.0,4.5,7.6,50.0,21.4,1.71,37.0,3.3,0.50,50.0,0.57,-0.2,-776,3.29,0.43,28.6,30.4,2246,3.0,0.92,1.16
240,Team Liquid,S14,,33,63.6%,1.25,1849,107,32:58,15.5,12.4,7.4,4.8,54.5,75.8,2.88,62.1,2.2,0.64,65.6,1.21,0.2,149,4.48,0.94,71.2,31.9,2601,3.6,1.32,1.80
241,Team Liquid Challengers,S14,,34,41.2%,1.08,1801,-29,33:53,14.9,13.7,6.0,6.1,52.9,61.8,2.29,47.9,2.9,0.44,45.5,0.82,0.2,767,4.62,0.68,39.4,32.2,2472,3.6,1.22,1.33
242,Team Phantasma,S14,GR,32,65.6%,1.21,1930,137,30:45,17.9,14.8,7.5,4.4,40.6,68.8,2.5,61.1,2.6,0.69,68.8,1.03,0.2,910,4.75,0.75,54.7,32.8,2550,3.4,1.11,1.34
243,Team Refuse,S14,GR,14,35.7%,0.87,1753,-122,31:12,13.0,15.0,4.6,7.4,64.3,50.0,1.43,34.9,2.9,0.29,28.6,0.79,0.1,-95,3.79,0.29,30.8,32.4,2158,3.0,1.04,1.15
244,Team Secret,S14,VN,37,70.3%,1.14,1939,136,32:23,16.0,13.9,7.4,4.6,62.2,64.9,3.0,63.7,2.8,0.46,45.9,1.27,0.4,1016,4.76,0.92,62.9,34.2,2544,3.9,1.38,1.83
245,Team UNiTY,S14,CZ,22,50.0%,0.91,1780,-41,32:21,11.9,13.0,5.3,6.3,59.1,40.9,2.59,54.3,2.1,0.55,54.5,1.23,0.0,-281,2.91,0.68,51.5,32.5,2150,2.7,0.70,1.25
246,Team Vitality,S14,EUW,36,50.0%,0.89,1862,-17,32:08,15.4,17.0,6.5,5.8,52.8,55.6,2.47,56.9,2.8,0.58,58.3,1.06,0.0,351,4.39,0.69,42.1,32.8,2521,3.4,1.19,1.79
247,Team WE,S14,CN,50,52.0%,0.85,1810,-5,33:17,11.1,13.0,6.6,5.7,38.0,48.0,1.94,41.6,-,-,-,-,-,-,-,0.84,57.1,33.0,2432,-,-,-
248,Team Whales,S14,VN,34,52.9%,1.04,1886,12,32:38,15.7,15.1,6.2,5.8,52.9,58.8,2.18,46.5,2.6,0.68,67.6,0.71,0.1,476,4.26,0.62,46.4,33.3,2268,4.1,1.47,1.71
249,TeamOrangeGaming,S14,DE,29,65.5%,1.16,1967,135,30:02,19.6,16.8,8.0,5.0,51.7,65.5,2.52,60.7,2.9,0.55,55.2,1.14,0.1,807,5.17,0.79,64.7,31.4,2822,3.1,0.87,1.14
250,Top Esports,S14,CN,57,73.7%,1.49,1961,222,30:51,15.4,10.3,7.9,4.1,54.4,54.4,2.53,60.9,-,-,-,-,-,-,-,0.84,71.9,34.3,2620,-,-,-
251,Tropa XV,S14,BR,18,33.3%,0.77,1806,-72,31:30,12.9,16.7,5.9,7.3,38.9,55.6,2.06,43.8,2.7,0.39,38.9,0.78,-0.1,-459,4.56,0.56,33.3,32.0,2243,3.2,1.21,1.40
252,TT,S14,CN,40,42.5%,0.95,1805,-52,33:33,12.6,13.3,5.7,6.8,55.0,42.5,2.28,45.8,-,-,-,-,-,-,-,0.75,47.9,33.2,2224,-,-,-
253,Twisted Minds,S14,AL,18,50.0%,1.16,1873,81,32:38,16.9,14.6,6.8,5.7,44.4,61.1,2.56,56.0,2.7,0.39,41.2,1.00,0.0,102,3.94,0.56,43.5,32.0,2552,2.9,0.90,1.40
254,UCAM Tokiers,S14,ES,22,50.0%,0.81,1804,-54,30:54,13.4,16.6,6.0,6.5,45.5,50.0,1.82,45.3,3.0,0.82,81.8,0.77,-0.1,200,3.73,0.77,48.5,30.6,2289,3.6,1.14,1.33
255,Ultra Prime,S14,CN,42,26.2%,0.71,1745,-158,31:58,9.6,13.5,4.3,7.4,38.1,33.3,1.81,39.6,-,-,-,-,-,-,-,0.5,34.6,33.0,2164,-,-,-
256,Unicorns Of Love Sexy Edition,S14,DE,23,60.9%,1.14,1915,107,32:14,14.9,13.0,7.1,5.1,56.5,65.2,2.65,56.7,3.7,0.48,47.8,1.26,0.4,1194,5.22,0.74,52.5,34.9,2388,3.5,0.95,1.51
257,V3 Esports,S14,JP,31,32.3%,0.8,1751,-163,30:37,13.0,16.2,4.2,7.7,45.2,29.0,1.77,39.5,2.2,0.39,38.7,0.74,-0.4,-864,3.87,0.48,43.8,30.9,2323,3.7,1.53,1.44
258,Venomcrest Esports,S14,EUW,17,47.1%,1.02,1826,-40,29:50,15.5,15.2,4.9,6.1,47.1,47.1,1.82,45.2,3.5,0.71,70.6,0.76,0.2,504,3.82,0.35,42.9,31.7,2333,3.0,0.83,1.24
259,Venus,S14,TR,17,0.0%,0.38,1601,-515,26:48,8.6,22.5,1.1,8.9,29.4,-,0.94,26.7,2.3,0.35,37.5,0.69,-1.0,-3240,2.63,0.0,0.0,29.2,2006,2.5,0.76,0.94
260,Verdant,S14,EUW,14,50.0%,0.95,1831,-15,33:00,14.6,15.4,5.7,6.4,42.9,71.4,2.5,54.8,2.0,0.64,69.2,1.36,0.1,116,3.93,0.43,29.8,32.5,2435,3.1,1.04,1.35
261,Vikings Esports,S14,VN,35,57.1%,1.11,1896,89,34:37,15.8,14.2,6.6,5.5,42.9,37.1,2.83,57.3,3.0,0.37,37.1,1.26,-0.2,-400,3.46,0.83,57.1,34.3,2575,4.2,1.42,2.05
262,Vitality.Bee,S14,FR,24,54.2%,1.02,1823,-3,30:54,13.2,12.8,6.0,6.0,50.0,54.2,2.08,47.6,2.2,0.63,62.5,0.96,0.2,488,4.17,0.58,47.1,32.7,2315,3.2,1.05,1.47
263,Vivo Keyd Stars,S14,BR,36,61.1%,1.12,1893,120,33:19,16.1,14.4,7.2,5.2,47.2,55.6,2.69,58.0,1.9,0.58,61.8,1.03,0.1,234,4.36,0.83,58.0,33.3,2433,3.6,1.17,1.90
264,Vivo Keyd Stars Academy,S14,BR,16,81.3%,1.56,1927,230,31:49,16.9,10.9,7.8,4.2,31.3,56.3,2.75,62.1,3.5,0.69,68.8,1.06,0.0,370,4.00,1.0,72.8,33.4,2423,3.7,1.31,1.62
265,Weibo Gaming,S14,CN,55,50.9%,0.99,1817,-6,33:45,12.1,12.2,6.3,6.1,49.1,40.0,2.35,50.2,-,-,-,-,-,-,-,0.85,49.1,33.0,2257,-,-,-
266,WeSports,S14,DE,18,16.7%,0.72,1739,-258,31:22,12.9,18.1,3.6,9.1,11.1,27.8,1.83,36.1,1.4,0.17,16.7,0.72,-0.6,-2107,3.22,0.5,28.4,31.7,2191,2.6,0.69,1.19
267,West Point Esports,S14,PCS,22,9.1%,0.5,1654,-352,29:54,9.5,19.0,2.9,9.0,45.5,22.7,1.73,35.9,3.2,0.45,45.5,0.77,-0.4,-1610,3.23,0.36,13.0,30.7,2057,2.9,0.98,1.24
268,White Dragons,S14,PT,12,25.0%,0.74,1685,-267,30:44,12.6,17.0,3.5,8.6,41.7,33.3,1.58,37.6,2.2,0.33,33.3,0.75,-0.3,-1840,3.67,0.25,20.8,29.3,2167,2.8,0.70,0.96
269,Wild Panthers Esports,S14,GR,14,28.6%,0.77,1761,-210,33:41,15.9,20.5,4.7,8.6,28.6,35.7,2.71,51.7,1.1,0.29,33.3,1.00,-0.1,-1856,2.79,0.5,35.7,30.0,2604,3.0,0.84,1.17
270,Wildcard Gaming,S14,,26,42.3%,0.78,1806,-46,32:41,14.6,18.7,6.0,6.8,42.3,38.5,2.27,46.5,3.0,0.65,65.4,1.04,-0.3,-736,3.46,0.85,51.9,30.8,2471,2.5,0.65,1.25
271,WLGaming Esports,S14,GR,18,44.4%,1.07,1826,26,32:23,15.8,14.8,6.2,5.6,66.7,55.6,1.94,41.9,2.5,0.56,58.8,0.83,0.2,666,4.33,0.5,38.2,31.6,2495,2.8,0.97,1.44
272,Xoldiers,S14,ES,17,47.1%,1.15,1810,38,33:21,15.2,13.2,6.0,6.4,82.4,47.1,2.24,46.7,2.8,0.41,41.2,0.88,-0.1,277,3.18,0.53,44.1,31.7,2501,2.8,0.71,1.12
273,ZennIT Gaming,S14,BE,22,50.0%,1.01,1851,12,32:29,16.6,16.3,6.3,6.6,72.7,45.5,2.18,46.6,2.5,0.59,59.1,1.00,-0.2,551,3.73,0.55,44.4,32.2,2433,3.0,0.83,1.26
274,Zerance,S14,FR,21,42.9%,0.82,1830,-125,31:08,15.8,19.2,5.6,7.0,61.9,33.3,2.05,45.9,2.3,0.52,52.4,1.10,-0.4,-1270,3.95,0.86,46.8,30.8,2336,2.6,0.74,1.11
275,Zero Tenacity,S14,PL,27,74.1%,1.63,1947,247,31:29,17.3,10.6,8.2,3.6,37.0,85.2,2.67,59.5,2.3,0.74,74.1,1.22,0.3,1086,4.96,0.96,68.6,33.3,2823,3.2,1.06,1.27
276,ZETA,S14,ES,18,16.7%,0.64,1694,-240,30:07,9.6,14.8,3.7,8.8,66.7,11.1,1.44,32.9,2.7,0.50,50.0,0.83,-0.3,-632,2.39,0.33,19.4,31.9,1958,3.4,1.12,1.34
